feature,coefficient,abs_coefficient
Has_NIN,0.6644598937617628,0.6644598937617628
Digital_Access_Index,0.5298117452856,0.5298117452856
education_numeric,0.5076306996382166,0.5076306996382166
wealth_numeric,0.45475340551364046,0.45475340551364046
state_BORNO,-0.41599539627154225,0.41599539627154225
Infrastructure_Access_Index,0.4027026734387187,0.4027026734387187
state_KATSINA,-0.340417189681083,0.340417189681083
Agricultural_Income,-0.2932442827935246,0.2932442827935246
urban,0.26654661974155947,0.26654661974155947
Income_Diversity_Score,0.2491866047247393,0.2491866047247393
state_GOMBE,-0.24003075285390593,0.24003075285390593
state_DELTA,0.2158640802266165,0.2158640802266165
state_SOKOTO,-0.1514947891968171,0.1514947891968171
state_KOGI,0.13880294724226586,0.13880294724226586
gender_male,0.13490315325263405,0.13490315325263405
state_KANO,-0.12995787682763948,0.12995787682763948
state_ADAMAWA,-0.12942485451364247,0.12942485451364247
state_ZAMFARA,-0.12738086197287474,0.12738086197287474
state_ONDO,-0.1260035697835486,0.1260035697835486
state_LAGOS,0.11393554515860539,0.11393554515860539
state_EBONYI,-0.1041855015526909,0.1041855015526909
state_OGUN,0.10302012909939945,0.10302012909939945
age_65+,-0.09795400637511534,0.09795400637511534
state_ENUGU,-0.09734413334691633,0.09734413334691633
income_numeric,0.09358133153749748,0.09358133153749748
state_ANAMBRA,-0.08655862305779555,0.08655862305779555
state_PLATEAU,-0.08195455079394377,0.08195455079394377
state_EKITI,-0.08113518957341719,0.08113518957341719
state_TARABA,-0.07498554469351444,0.07498554469351444
state_YOBE,-0.07436983086726516,0.07436983086726516
Passive_Income,0.07271177879569109,0.07271177879569109
state_KADUNA,-0.07207660434713584,0.07207660434713584
state_BAUCHI,-0.07059198182761625,0.07059198182761625
state_KWARA,0.06725996556030968,0.06725996556030968
state_JIGAWA,-0.0643106362970892,0.0643106362970892
Ag_x_Business,-0.06408819178427834,0.06408819178427834
state_OYO,0.061749968799899524,0.061749968799899524
age_35-44,0.05589489430370671,0.05589489430370671
Ag_x_Urban,-0.054423378505815065,0.054423378505815065
state_BENUE,-0.05408223825016447,0.05408223825016447
age_25-34,0.046632562504980817,0.046632562504980817
state_NASARAWA,-0.044375050713570265,0.044375050713570265
age_55-64,-0.04321429105482886,0.04321429105482886
state_AKWA IBOM,-0.042682732989007516,0.042682732989007516
state_EDO,0.032221095227721,0.032221095227721
money_shortage_frequency,0.023231734768994046,0.023231734768994046
state_OSUN,0.020603041828979787,0.020603041828979787
Business_Income,0.020335541146865786,0.020335541146865786
Formal_Employment,0.01845687491637213,0.01845687491637213
state_FCT,0.01737968157896144,0.01737968157896144
state_IMO,-0.014118166823598547,0.014118166823598547
state_NIGER,-0.011065179908049637,0.011065179908049637
state_BAYELSA,-0.010436495128099764,0.010436495128099764
Ag_x_Formal,0.010366385196613,0.010366385196613
state_CROSS RIVER,0.00848995663101973,0.00848995663101973
age_45-54,-0.008480006956606364,0.008480006956606364
state_KEBBI,0.006609020592326266,0.006609020592326266
state_RIVERS,-0.005748752638804391,0.005748752638804391
Savings_Behavior_Score,-6.093267088580246e-17,6.093267088580246e-17
Old_Age_Planning,-3.046633544290123e-17,3.046633544290123e-17
Regular_Saver,0.0,0.0
Informal_Savings_Mode,0.0,0.0
Savings_Frequency_Score,0.0,0.0
Diverse_Savings_Reasons,0.0,0.0
Saves_Money,0.0,0.0
savings_frequency_numeric,0.0,0.0
